<BackupInst xmlns="http://www.microsoft.com/GroupPolicy/GPOOperations/Manifest"><GPOGuid><![CDATA[{FC1FC6EE-A0F4-48BF-B7BD-1CFF2180D68D}]]></GPOGuid><GPODomain><![CDATA[ps.dom]]></GPODomain><GPODomainGuid><![CDATA[{bbb52ae3-264d-444c-99f8-9e8fdfba8de6}]]></GPODomainGuid><GPODomainController><![CDATA[PSDC.ps.dom]]></GPODomainController><BackupTime><![CDATA[2021-02-13T17:38:59]]></BackupTime><ID><![CDATA[{2FC4BFD9-09E6-441F-A64C-F9E76D4065FE}]]></ID><Comment><![CDATA[]]></Comment><GPODisplayName><![CDATA[PSExecPol]]></GPODisplayName></BackupInst>
